med_id,source,active_ingredient,route,frequency,instructions,reason,quality
4983,DailyMed,N/A,,24,"Care should be taken not to discontinue therapy prematurely.If signs and symptoms fail to improve after two days, the patient should be re-evaluated (see PRECAUTIONS).The dosing of FLUOR-OP suspension",No Dosage Numbers in Text; Missing Route; Contains Boilerplate,LOW
18088,DailyMed,N/A,,24,"Care should be taken not to discontinue therapy prematurely.If signs and symptoms fail to improve after two days, the patient should be re-evaluated (see PRECAUTIONS).The dosing of FLUOR-OP suspension",No Dosage Numbers in Text; Missing Route; Contains Boilerplate,LOW
19203,DailyMed,N/A,,24,"Care should be taken not to discontinue therapy prematurely.If signs and symptoms fail to improve after two days, the patient should be re-evaluated (see PRECAUTIONS).The dosing of FLUOR-OP suspension",No Dosage Numbers in Text; Missing Route; Contains Boilerplate,LOW
19216,DailyMed,N/A,,24,"Care should be taken not to discontinue therapy prematurely.If signs and symptoms fail to improve after two days, the patient should be re-evaluated (see PRECAUTIONS).The dosing of FLUOR-OP suspension",No Dosage Numbers in Text; Missing Route; Contains Boilerplate,LOW
19259,DailyMed,N/A,,24,"Care should be taken not to discontinue therapy prematurely.If signs and symptoms fail to improve after two days, the patient should be re-evaluated (see PRECAUTIONS).The dosing of FLUOR-OP suspension",No Dosage Numbers in Text; Missing Route; Contains Boilerplate,LOW
27783,DailyMed,N/A,,24,"Care should be taken not to discontinue therapy prematurely.If signs and symptoms fail to improve after two days, the patient should be re-evaluated (see PRECAUTIONS).The dosing of FLUOR-OP suspension",No Dosage Numbers in Text; Missing Route; Contains Boilerplate,LOW
7457,DailyMed,N/A,,6,The usual dose is one drop instilled in affected eyes four times per day.,No Dosage Numbers in Text; Missing Route,LOW
21965,DailyMed,N/A,,6,The usual dose is one drop instilled in affected eyes four times per day.,No Dosage Numbers in Text; Missing Route,LOW
29442,DailyMed,N/A,,6,The usual dose is one drop instilled in affected eyes four times per day.,No Dosage Numbers in Text; Missing Route,LOW
9023,DailyMed,N/A,,,Instill one or two drops in the conjunctival sac(s) every three to four hours as needed.,No Dosage Numbers in Text; Missing Frequency; Missing Route,LOW
9318,DailyMed,N/A,,,Instill one or two drops in the conjunctival sac(s) every three to four hours as needed.,No Dosage Numbers in Text; Missing Frequency; Missing Route,LOW
9866,DailyMed,N/A,,,Instill one or two drops in the conjunctival sac(s) every three to four hours as needed.,No Dosage Numbers in Text; Missing Frequency; Missing Route,LOW
23214,DailyMed,N/A,,,Instill one or two drops in the conjunctival sac(s) every three to four hours as needed.,No Dosage Numbers in Text; Missing Frequency; Missing Route,LOW
23247,DailyMed,N/A,,,Instill one or two drops in the conjunctival sac(s) every three to four hours as needed.,No Dosage Numbers in Text; Missing Frequency; Missing Route,LOW
23406,DailyMed,N/A,,,Instill one or two drops in the conjunctival sac(s) every three to four hours as needed.,No Dosage Numbers in Text; Missing Frequency; Missing Route,LOW
24193,DailyMed,N/A,,,Instill one or two drops in the conjunctival sac(s) every three to four hours as needed.,No Dosage Numbers in Text; Missing Frequency; Missing Route,LOW
25270,DailyMed,N/A,,,Instill one or two drops in the conjunctival sac(s) every three to four hours as needed.,No Dosage Numbers in Text; Missing Frequency; Missing Route,LOW
25271,DailyMed,N/A,,,Instill one or two drops in the conjunctival sac(s) every three to four hours as needed.,No Dosage Numbers in Text; Missing Frequency; Missing Route,LOW
26150,DailyMed,N/A,,,Instill one or two drops in the conjunctival sac(s) every three to four hours as needed.,No Dosage Numbers in Text; Missing Frequency; Missing Route,LOW
27785,DailyMed,N/A,,,Instill one or two drops in the conjunctival sac(s) every three to four hours as needed.,No Dosage Numbers in Text; Missing Frequency; Missing Route,LOW
27786,DailyMed,N/A,,,Instill one or two drops in the conjunctival sac(s) every three to four hours as needed.,No Dosage Numbers in Text; Missing Frequency; Missing Route,LOW
31917,DailyMed,N/A,,,Instill one or two drops in the conjunctival sac(s) every three to four hours as needed.,No Dosage Numbers in Text; Missing Frequency; Missing Route,LOW
26676,DailyMed,N/A,,,,Empty/Very Short Text; Missing Frequency; Missing Route,LOW
14157,DailyMed,N/A,oral,,"Route: ORAL
 Kinlytic™ IS INTENDED FOR INTRAVENOUS INFUSION ONLY.Kinlytic™ treatment should be instituted soon after onset of pulmonary embolism. Delay in instituting therapy may decrease the potentia",No Dosage Numbers in Text; Missing Frequency,LOW
14158,DailyMed,N/A,oral,,"Route: ORAL
 Kinlytic™ IS INTENDED FOR INTRAVENOUS INFUSION ONLY.Kinlytic™ treatment should be instituted soon after onset of pulmonary embolism. Delay in instituting therapy may decrease the potentia",No Dosage Numbers in Text; Missing Frequency,LOW
14159,DailyMed,N/A,oral,,"Route: ORAL
 Kinlytic™ IS INTENDED FOR INTRAVENOUS INFUSION ONLY.Kinlytic™ treatment should be instituted soon after onset of pulmonary embolism. Delay in instituting therapy may decrease the potentia",No Dosage Numbers in Text; Missing Frequency,LOW
26576,DailyMed,N/A,topical,,Route: TOPICAL Apply a thin layer of Lindane Lotion over all skin from the neck down.. Apply only once.. (See PRECAUTIONS: Information for Patients and the Medication Guide.) A Lindane Lotion Medicati,No Dosage Numbers in Text; Missing Frequency,LOW
331,DailyMed,N/A,,,,Empty/Very Short Text; Missing Frequency; Missing Route,LOW
1211,DailyMed,N/A,,,,Empty/Very Short Text; Missing Frequency; Missing Route,LOW
1461,DailyMed,N/A,,,,Empty/Very Short Text; Missing Frequency; Missing Route,LOW
1464,DailyMed,N/A,,,,Empty/Very Short Text; Missing Frequency; Missing Route,LOW
1473,DailyMed,N/A,,,,Empty/Very Short Text; Missing Frequency; Missing Route,LOW
1527,DailyMed,N/A,,,,Empty/Very Short Text; Missing Frequency; Missing Route,LOW
1537,DailyMed,N/A,,,,Empty/Very Short Text; Missing Frequency; Missing Route,LOW
1821,DailyMed,N/A,,,,Empty/Very Short Text; Missing Frequency; Missing Route,LOW
1878,DailyMed,N/A,,,,Empty/Very Short Text; Missing Frequency; Missing Route,LOW
2020,DailyMed,N/A,,,,Empty/Very Short Text; Missing Frequency; Missing Route,LOW
2360,DailyMed,N/A,,,,Empty/Very Short Text; Missing Frequency; Missing Route,LOW
2604,DailyMed,N/A,,,,Empty/Very Short Text; Missing Frequency; Missing Route,LOW
2779,DailyMed,N/A,,,,Empty/Very Short Text; Missing Frequency; Missing Route,LOW
2958,DailyMed,N/A,,,,Empty/Very Short Text; Missing Frequency; Missing Route,LOW
3128,DailyMed,N/A,,,,Empty/Very Short Text; Missing Frequency; Missing Route,LOW
3244,DailyMed,N/A,,,,Empty/Very Short Text; Missing Frequency; Missing Route,LOW
3440,DailyMed,N/A,,,,Empty/Very Short Text; Missing Frequency; Missing Route,LOW
3503,DailyMed,N/A,,,,Empty/Very Short Text; Missing Frequency; Missing Route,LOW
3504,DailyMed,N/A,,,,Empty/Very Short Text; Missing Frequency; Missing Route,LOW
3575,DailyMed,N/A,,,,Empty/Very Short Text; Missing Frequency; Missing Route,LOW
3732,DailyMed,N/A,,,,Empty/Very Short Text; Missing Frequency; Missing Route,LOW
3733,DailyMed,N/A,,,,Empty/Very Short Text; Missing Frequency; Missing Route,LOW
3736,DailyMed,N/A,,,,Empty/Very Short Text; Missing Frequency; Missing Route,LOW
3758,DailyMed,N/A,,,,Empty/Very Short Text; Missing Frequency; Missing Route,LOW
4219,DailyMed,N/A,,,,Empty/Very Short Text; Missing Frequency; Missing Route,LOW
4221,DailyMed,N/A,,,,Empty/Very Short Text; Missing Frequency; Missing Route,LOW
4282,DailyMed,N/A,,,,Empty/Very Short Text; Missing Frequency; Missing Route,LOW
4611,DailyMed,N/A,,,,Empty/Very Short Text; Missing Frequency; Missing Route,LOW
4862,DailyMed,N/A,,,,Empty/Very Short Text; Missing Frequency; Missing Route,LOW
4881,DailyMed,N/A,,,,Empty/Very Short Text; Missing Frequency; Missing Route,LOW
4992,DailyMed,N/A,,,,Empty/Very Short Text; Missing Frequency; Missing Route,LOW
5080,DailyMed,N/A,,,,Empty/Very Short Text; Missing Frequency; Missing Route,LOW
5942,DailyMed,N/A,,,,Empty/Very Short Text; Missing Frequency; Missing Route,LOW
5981,DailyMed,N/A,,,,Empty/Very Short Text; Missing Frequency; Missing Route,LOW
6042,DailyMed,N/A,,,,Empty/Very Short Text; Missing Frequency; Missing Route,LOW
6243,DailyMed,N/A,,,,Empty/Very Short Text; Missing Frequency; Missing Route,LOW
6275,DailyMed,N/A,,,,Empty/Very Short Text; Missing Frequency; Missing Route,LOW
6432,DailyMed,N/A,,,,Empty/Very Short Text; Missing Frequency; Missing Route,LOW
6857,DailyMed,N/A,,,,Empty/Very Short Text; Missing Frequency; Missing Route,LOW
6858,DailyMed,N/A,,,,Empty/Very Short Text; Missing Frequency; Missing Route,LOW
6866,DailyMed,N/A,,,,Empty/Very Short Text; Missing Frequency; Missing Route,LOW
7046,DailyMed,N/A,,,,Empty/Very Short Text; Missing Frequency; Missing Route,LOW
7343,DailyMed,N/A,,,,Empty/Very Short Text; Missing Frequency; Missing Route,LOW
7426,DailyMed,N/A,,,,Empty/Very Short Text; Missing Frequency; Missing Route,LOW
7526,DailyMed,N/A,,,,Empty/Very Short Text; Missing Frequency; Missing Route,LOW
7621,DailyMed,N/A,,,,Empty/Very Short Text; Missing Frequency; Missing Route,LOW
7697,DailyMed,N/A,,,,Empty/Very Short Text; Missing Frequency; Missing Route,LOW
7713,DailyMed,N/A,,,,Empty/Very Short Text; Missing Frequency; Missing Route,LOW
7765,DailyMed,N/A,,,,Empty/Very Short Text; Missing Frequency; Missing Route,LOW
7831,DailyMed,N/A,,,,Empty/Very Short Text; Missing Frequency; Missing Route,LOW
7894,DailyMed,N/A,,,,Empty/Very Short Text; Missing Frequency; Missing Route,LOW
7899,DailyMed,N/A,,,,Empty/Very Short Text; Missing Frequency; Missing Route,LOW
7901,DailyMed,N/A,,,,Empty/Very Short Text; Missing Frequency; Missing Route,LOW
7938,DailyMed,N/A,,,,Empty/Very Short Text; Missing Frequency; Missing Route,LOW
8009,DailyMed,N/A,,,,Empty/Very Short Text; Missing Frequency; Missing Route,LOW
8821,DailyMed,N/A,,,,Empty/Very Short Text; Missing Frequency; Missing Route,LOW
9256,DailyMed,N/A,,,,Empty/Very Short Text; Missing Frequency; Missing Route,LOW
9601,DailyMed,N/A,,,,Empty/Very Short Text; Missing Frequency; Missing Route,LOW
10054,DailyMed,N/A,,,,Empty/Very Short Text; Missing Frequency; Missing Route,LOW
10137,DailyMed,N/A,,,,Empty/Very Short Text; Missing Frequency; Missing Route,LOW
10163,DailyMed,N/A,,,,Empty/Very Short Text; Missing Frequency; Missing Route,LOW
10175,DailyMed,N/A,,,,Empty/Very Short Text; Missing Frequency; Missing Route,LOW
11114,DailyMed,N/A,,,,Empty/Very Short Text; Missing Frequency; Missing Route,LOW
11299,DailyMed,N/A,,,,Empty/Very Short Text; Missing Frequency; Missing Route,LOW
12622,DailyMed,N/A,,,,Empty/Very Short Text; Missing Frequency; Missing Route,LOW
12657,DailyMed,N/A,,,,Empty/Very Short Text; Missing Frequency; Missing Route,LOW
13112,DailyMed,N/A,,,,Empty/Very Short Text; Missing Frequency; Missing Route,LOW
13218,DailyMed,N/A,,,,Empty/Very Short Text; Missing Frequency; Missing Route,LOW
13238,DailyMed,N/A,,,,Empty/Very Short Text; Missing Frequency; Missing Route,LOW
13371,DailyMed,N/A,,,,Empty/Very Short Text; Missing Frequency; Missing Route,LOW
13543,DailyMed,N/A,,,,Empty/Very Short Text; Missing Frequency; Missing Route,LOW
13613,DailyMed,N/A,,,,Empty/Very Short Text; Missing Frequency; Missing Route,LOW
13686,DailyMed,N/A,,,,Empty/Very Short Text; Missing Frequency; Missing Route,LOW
13734,DailyMed,N/A,,,,Empty/Very Short Text; Missing Frequency; Missing Route,LOW
13880,DailyMed,N/A,,,,Empty/Very Short Text; Missing Frequency; Missing Route,LOW
14376,DailyMed,N/A,,,,Empty/Very Short Text; Missing Frequency; Missing Route,LOW
14648,DailyMed,N/A,,,,Empty/Very Short Text; Missing Frequency; Missing Route,LOW
14749,DailyMed,N/A,,,,Empty/Very Short Text; Missing Frequency; Missing Route,LOW
14829,DailyMed,N/A,,,,Empty/Very Short Text; Missing Frequency; Missing Route,LOW
14836,DailyMed,N/A,,,,Empty/Very Short Text; Missing Frequency; Missing Route,LOW
15139,DailyMed,N/A,,,,Empty/Very Short Text; Missing Frequency; Missing Route,LOW
15140,DailyMed,N/A,,,,Empty/Very Short Text; Missing Frequency; Missing Route,LOW
15395,DailyMed,N/A,,,,Empty/Very Short Text; Missing Frequency; Missing Route,LOW
15722,DailyMed,N/A,,,,Empty/Very Short Text; Missing Frequency; Missing Route,LOW
16346,DailyMed,N/A,,,,Empty/Very Short Text; Missing Frequency; Missing Route,LOW
16482,DailyMed,N/A,,,,Empty/Very Short Text; Missing Frequency; Missing Route,LOW
16608,DailyMed,N/A,,,,Empty/Very Short Text; Missing Frequency; Missing Route,LOW
16690,DailyMed,N/A,,,,Empty/Very Short Text; Missing Frequency; Missing Route,LOW
16747,DailyMed,N/A,,,,Empty/Very Short Text; Missing Frequency; Missing Route,LOW
16796,DailyMed,N/A,,,,Empty/Very Short Text; Missing Frequency; Missing Route,LOW
16838,DailyMed,N/A,,,,Empty/Very Short Text; Missing Frequency; Missing Route,LOW
17084,DailyMed,N/A,,,,Empty/Very Short Text; Missing Frequency; Missing Route,LOW
17088,DailyMed,N/A,,,,Empty/Very Short Text; Missing Frequency; Missing Route,LOW
17135,DailyMed,N/A,,,,Empty/Very Short Text; Missing Frequency; Missing Route,LOW
17306,DailyMed,N/A,,,,Empty/Very Short Text; Missing Frequency; Missing Route,LOW
17318,DailyMed,N/A,,,,Empty/Very Short Text; Missing Frequency; Missing Route,LOW
17321,DailyMed,N/A,,,,Empty/Very Short Text; Missing Frequency; Missing Route,LOW
17327,DailyMed,N/A,,,,Empty/Very Short Text; Missing Frequency; Missing Route,LOW
17328,DailyMed,N/A,,,,Empty/Very Short Text; Missing Frequency; Missing Route,LOW
17329,DailyMed,N/A,,,,Empty/Very Short Text; Missing Frequency; Missing Route,LOW
17373,DailyMed,N/A,,,,Empty/Very Short Text; Missing Frequency; Missing Route,LOW
17670,DailyMed,N/A,,,,Empty/Very Short Text; Missing Frequency; Missing Route,LOW
17671,DailyMed,N/A,,,,Empty/Very Short Text; Missing Frequency; Missing Route,LOW
17900,DailyMed,N/A,,,,Empty/Very Short Text; Missing Frequency; Missing Route,LOW
17901,DailyMed,N/A,,,,Empty/Very Short Text; Missing Frequency; Missing Route,LOW
18036,DailyMed,N/A,,,,Empty/Very Short Text; Missing Frequency; Missing Route,LOW
18712,DailyMed,N/A,,,,Empty/Very Short Text; Missing Frequency; Missing Route,LOW
19466,DailyMed,N/A,,,,Empty/Very Short Text; Missing Frequency; Missing Route,LOW
20262,DailyMed,N/A,,,,Empty/Very Short Text; Missing Frequency; Missing Route,LOW
20548,DailyMed,N/A,,,,Empty/Very Short Text; Missing Frequency; Missing Route,LOW
20603,DailyMed,N/A,,,,Empty/Very Short Text; Missing Frequency; Missing Route,LOW
20740,DailyMed,N/A,,,,Empty/Very Short Text; Missing Frequency; Missing Route,LOW
20815,DailyMed,N/A,,,,Empty/Very Short Text; Missing Frequency; Missing Route,LOW
21111,DailyMed,N/A,,,,Empty/Very Short Text; Missing Frequency; Missing Route,LOW
21191,DailyMed,N/A,,,,Empty/Very Short Text; Missing Frequency; Missing Route,LOW
21409,DailyMed,N/A,,,,Empty/Very Short Text; Missing Frequency; Missing Route,LOW
21434,DailyMed,N/A,,,,Empty/Very Short Text; Missing Frequency; Missing Route,LOW
21489,DailyMed,N/A,,,,Empty/Very Short Text; Missing Frequency; Missing Route,LOW
21934,DailyMed,N/A,,,,Empty/Very Short Text; Missing Frequency; Missing Route,LOW
21975,DailyMed,N/A,,,,Empty/Very Short Text; Missing Frequency; Missing Route,LOW
22110,DailyMed,N/A,,,,Empty/Very Short Text; Missing Frequency; Missing Route,LOW
22111,DailyMed,N/A,,,,Empty/Very Short Text; Missing Frequency; Missing Route,LOW
22871,DailyMed,N/A,,,,Empty/Very Short Text; Missing Frequency; Missing Route,LOW
22872,DailyMed,N/A,,,,Empty/Very Short Text; Missing Frequency; Missing Route,LOW
22974,DailyMed,N/A,,,,Empty/Very Short Text; Missing Frequency; Missing Route,LOW
23125,DailyMed,N/A,,,,Empty/Very Short Text; Missing Frequency; Missing Route,LOW
23179,DailyMed,N/A,,,,Empty/Very Short Text; Missing Frequency; Missing Route,LOW
23180,DailyMed,N/A,,,,Empty/Very Short Text; Missing Frequency; Missing Route,LOW
23403,DailyMed,N/A,,,,Empty/Very Short Text; Missing Frequency; Missing Route,LOW
23492,DailyMed,N/A,,,,Empty/Very Short Text; Missing Frequency; Missing Route,LOW
23563,DailyMed,N/A,,,,Empty/Very Short Text; Missing Frequency; Missing Route,LOW
23660,DailyMed,N/A,,,,Empty/Very Short Text; Missing Frequency; Missing Route,LOW
24512,DailyMed,N/A,,,,Empty/Very Short Text; Missing Frequency; Missing Route,LOW
25207,DailyMed,N/A,,,,Empty/Very Short Text; Missing Frequency; Missing Route,LOW
25224,DailyMed,N/A,,,,Empty/Very Short Text; Missing Frequency; Missing Route,LOW
25279,DailyMed,N/A,,,,Empty/Very Short Text; Missing Frequency; Missing Route,LOW
25877,DailyMed,N/A,,,,Empty/Very Short Text; Missing Frequency; Missing Route,LOW
26239,DailyMed,N/A,,,,Empty/Very Short Text; Missing Frequency; Missing Route,LOW
26434,DailyMed,N/A,,,,Empty/Very Short Text; Missing Frequency; Missing Route,LOW
26436,DailyMed,N/A,,,,Empty/Very Short Text; Missing Frequency; Missing Route,LOW
26437,DailyMed,N/A,,,,Empty/Very Short Text; Missing Frequency; Missing Route,LOW
26448,DailyMed,N/A,,,,Empty/Very Short Text; Missing Frequency; Missing Route,LOW
26449,DailyMed,N/A,,,,Empty/Very Short Text; Missing Frequency; Missing Route,LOW
26473,DailyMed,N/A,,,,Empty/Very Short Text; Missing Frequency; Missing Route,LOW
26474,DailyMed,N/A,,,,Empty/Very Short Text; Missing Frequency; Missing Route,LOW
26475,DailyMed,N/A,,,,Empty/Very Short Text; Missing Frequency; Missing Route,LOW
26476,DailyMed,N/A,,,,Empty/Very Short Text; Missing Frequency; Missing Route,LOW
26663,DailyMed,N/A,,,,Empty/Very Short Text; Missing Frequency; Missing Route,LOW
26664,DailyMed,N/A,,,,Empty/Very Short Text; Missing Frequency; Missing Route,LOW
26665,DailyMed,N/A,,,,Empty/Very Short Text; Missing Frequency; Missing Route,LOW
26743,DailyMed,N/A,,,,Empty/Very Short Text; Missing Frequency; Missing Route,LOW
26766,DailyMed,N/A,,,,Empty/Very Short Text; Missing Frequency; Missing Route,LOW
26769,DailyMed,N/A,,,,Empty/Very Short Text; Missing Frequency; Missing Route,LOW
26881,DailyMed,N/A,,,,Empty/Very Short Text; Missing Frequency; Missing Route,LOW
26919,DailyMed,N/A,,,,Empty/Very Short Text; Missing Frequency; Missing Route,LOW
26973,DailyMed,N/A,,,,Empty/Very Short Text; Missing Frequency; Missing Route,LOW
27068,DailyMed,N/A,,,,Empty/Very Short Text; Missing Frequency; Missing Route,LOW
27391,DailyMed,N/A,,,,Empty/Very Short Text; Missing Frequency; Missing Route,LOW
27416,DailyMed,N/A,,,,Empty/Very Short Text; Missing Frequency; Missing Route,LOW
27469,DailyMed,N/A,,,,Empty/Very Short Text; Missing Frequency; Missing Route,LOW
27472,DailyMed,N/A,,,,Empty/Very Short Text; Missing Frequency; Missing Route,LOW
27473,DailyMed,N/A,,,,Empty/Very Short Text; Missing Frequency; Missing Route,LOW
27499,DailyMed,N/A,,,,Empty/Very Short Text; Missing Frequency; Missing Route,LOW
27590,DailyMed,N/A,,,,Empty/Very Short Text; Missing Frequency; Missing Route,LOW
27819,DailyMed,N/A,,,,Empty/Very Short Text; Missing Frequency; Missing Route,LOW
27820,DailyMed,N/A,,,,Empty/Very Short Text; Missing Frequency; Missing Route,LOW
28228,DailyMed,N/A,,,,Empty/Very Short Text; Missing Frequency; Missing Route,LOW
28229,DailyMed,N/A,,,,Empty/Very Short Text; Missing Frequency; Missing Route,LOW
28421,DailyMed,N/A,,,,Empty/Very Short Text; Missing Frequency; Missing Route,LOW
28595,DailyMed,N/A,,,,Empty/Very Short Text; Missing Frequency; Missing Route,LOW
28621,DailyMed,N/A,,,,Empty/Very Short Text; Missing Frequency; Missing Route,LOW
28646,DailyMed,N/A,,,,Empty/Very Short Text; Missing Frequency; Missing Route,LOW
28665,DailyMed,N/A,,,,Empty/Very Short Text; Missing Frequency; Missing Route,LOW
28666,DailyMed,N/A,,,,Empty/Very Short Text; Missing Frequency; Missing Route,LOW
28669,DailyMed,N/A,,,,Empty/Very Short Text; Missing Frequency; Missing Route,LOW
28705,DailyMed,N/A,,,,Empty/Very Short Text; Missing Frequency; Missing Route,LOW
29613,DailyMed,N/A,,,,Empty/Very Short Text; Missing Frequency; Missing Route,LOW
30077,DailyMed,N/A,,,,Empty/Very Short Text; Missing Frequency; Missing Route,LOW
30126,DailyMed,N/A,,,,Empty/Very Short Text; Missing Frequency; Missing Route,LOW
30386,DailyMed,N/A,,,,Empty/Very Short Text; Missing Frequency; Missing Route,LOW
30762,DailyMed,N/A,,,,Empty/Very Short Text; Missing Frequency; Missing Route,LOW
30938,DailyMed,N/A,,,,Empty/Very Short Text; Missing Frequency; Missing Route,LOW
31359,DailyMed,N/A,,,,Empty/Very Short Text; Missing Frequency; Missing Route,LOW
31472,DailyMed,N/A,,,,Empty/Very Short Text; Missing Frequency; Missing Route,LOW
31507,DailyMed,N/A,,,,Empty/Very Short Text; Missing Frequency; Missing Route,LOW
31718,DailyMed,N/A,,,,Empty/Very Short Text; Missing Frequency; Missing Route,LOW
31834,DailyMed,N/A,,,,Empty/Very Short Text; Missing Frequency; Missing Route,LOW
32078,DailyMed,N/A,,,,Empty/Very Short Text; Missing Frequency; Missing Route,LOW
32102,DailyMed,N/A,,,,Empty/Very Short Text; Missing Frequency; Missing Route,LOW
32364,DailyMed,N/A,,,,Empty/Very Short Text; Missing Frequency; Missing Route,LOW
32376,DailyMed,N/A,,,,Empty/Very Short Text; Missing Frequency; Missing Route,LOW
32436,DailyMed,N/A,,,,Empty/Very Short Text; Missing Frequency; Missing Route,LOW
32490,DailyMed,N/A,,,,Empty/Very Short Text; Missing Frequency; Missing Route,LOW
33012,DailyMed,N/A,,,,Empty/Very Short Text; Missing Frequency; Missing Route,LOW
33021,DailyMed,N/A,,,,Empty/Very Short Text; Missing Frequency; Missing Route,LOW
33052,DailyMed,N/A,,,,Empty/Very Short Text; Missing Frequency; Missing Route,LOW
33664,DailyMed,N/A,,,,Empty/Very Short Text; Missing Frequency; Missing Route,LOW
33680,DailyMed,N/A,,,,Empty/Very Short Text; Missing Frequency; Missing Route,LOW
25904,DailyMed,N/A,,24,General Dosing Considerations for Parkinson's Disease and RLS: Ropinirole tablets USP can be taken with or without food.,No Dosage Numbers in Text; Missing Route,LOW
25905,DailyMed,N/A,,24,General Dosing Considerations for Parkinson's Disease and RLS: Ropinirole tablets USP can be taken with or without food.,No Dosage Numbers in Text; Missing Route,LOW
25906,DailyMed,N/A,,24,General Dosing Considerations for Parkinson's Disease and RLS: Ropinirole tablets USP can be taken with or without food.,No Dosage Numbers in Text; Missing Route,LOW
26292,DailyMed,N/A,,24,General Dosing Considerations for Parkinson's Disease and RLS: Ropinirole tablets USP can be taken with or without food.,No Dosage Numbers in Text; Missing Route,LOW
26293,DailyMed,N/A,,24,General Dosing Considerations for Parkinson's Disease and RLS: Ropinirole tablets USP can be taken with or without food.,No Dosage Numbers in Text; Missing Route,LOW
26294,DailyMed,N/A,,24,General Dosing Considerations for Parkinson's Disease and RLS: Ropinirole tablets USP can be taken with or without food.,No Dosage Numbers in Text; Missing Route,LOW
28426,DailyMed,N/A,,24,General Dosing Considerations for Parkinson's Disease and RLS: Ropinirole tablets USP can be taken with or without food.,No Dosage Numbers in Text; Missing Route,LOW
28427,DailyMed,N/A,,24,General Dosing Considerations for Parkinson's Disease and RLS: Ropinirole tablets USP can be taken with or without food.,No Dosage Numbers in Text; Missing Route,LOW
775,DailyMed,N/A,,,,Empty/Very Short Text; Missing Frequency; Missing Route,LOW
1345,DailyMed,N/A,,,,Empty/Very Short Text; Missing Frequency; Missing Route,LOW
1946,DailyMed,N/A,,,,Empty/Very Short Text; Missing Frequency; Missing Route,LOW
2364,DailyMed,N/A,,,,Empty/Very Short Text; Missing Frequency; Missing Route,LOW
2728,DailyMed,N/A,,,,Empty/Very Short Text; Missing Frequency; Missing Route,LOW
3220,DailyMed,N/A,,,,Empty/Very Short Text; Missing Frequency; Missing Route,LOW
3449,DailyMed,N/A,,,,Empty/Very Short Text; Missing Frequency; Missing Route,LOW
3450,DailyMed,N/A,,,,Empty/Very Short Text; Missing Frequency; Missing Route,LOW
6524,DailyMed,N/A,,,,Empty/Very Short Text; Missing Frequency; Missing Route,LOW
6767,DailyMed,N/A,,,,Empty/Very Short Text; Missing Frequency; Missing Route,LOW
6895,DailyMed,N/A,,,,Empty/Very Short Text; Missing Frequency; Missing Route,LOW
7611,DailyMed,N/A,,,,Empty/Very Short Text; Missing Frequency; Missing Route,LOW
7619,DailyMed,N/A,,,,Empty/Very Short Text; Missing Frequency; Missing Route,LOW
9012,DailyMed,N/A,,,,Empty/Very Short Text; Missing Frequency; Missing Route,LOW
12036,DailyMed,N/A,,,,Empty/Very Short Text; Missing Frequency; Missing Route,LOW
13265,DailyMed,N/A,,,,Empty/Very Short Text; Missing Frequency; Missing Route,LOW
13800,DailyMed,N/A,,,,Empty/Very Short Text; Missing Frequency; Missing Route,LOW
15011,DailyMed,N/A,,,,Empty/Very Short Text; Missing Frequency; Missing Route,LOW
15024,DailyMed,N/A,,,,Empty/Very Short Text; Missing Frequency; Missing Route,LOW
15040,DailyMed,N/A,,,,Empty/Very Short Text; Missing Frequency; Missing Route,LOW
15046,DailyMed,N/A,,,,Empty/Very Short Text; Missing Frequency; Missing Route,LOW
17300,DailyMed,N/A,,,,Empty/Very Short Text; Missing Frequency; Missing Route,LOW
17301,DailyMed,N/A,,,,Empty/Very Short Text; Missing Frequency; Missing Route,LOW
17302,DailyMed,N/A,,,,Empty/Very Short Text; Missing Frequency; Missing Route,LOW
17376,DailyMed,N/A,,,,Empty/Very Short Text; Missing Frequency; Missing Route,LOW
17896,DailyMed,N/A,,,,Empty/Very Short Text; Missing Frequency; Missing Route,LOW
18153,DailyMed,N/A,,,,Empty/Very Short Text; Missing Frequency; Missing Route,LOW
19372,DailyMed,N/A,,,,Empty/Very Short Text; Missing Frequency; Missing Route,LOW
20264,DailyMed,N/A,,,,Empty/Very Short Text; Missing Frequency; Missing Route,LOW
20411,DailyMed,N/A,,,,Empty/Very Short Text; Missing Frequency; Missing Route,LOW
20468,DailyMed,N/A,,,,Empty/Very Short Text; Missing Frequency; Missing Route,LOW
20470,DailyMed,N/A,,,,Empty/Very Short Text; Missing Frequency; Missing Route,LOW
20717,DailyMed,N/A,,,,Empty/Very Short Text; Missing Frequency; Missing Route,LOW
21272,DailyMed,N/A,,,,Empty/Very Short Text; Missing Frequency; Missing Route,LOW
22113,DailyMed,N/A,,,,Empty/Very Short Text; Missing Frequency; Missing Route,LOW
22114,DailyMed,N/A,,,,Empty/Very Short Text; Missing Frequency; Missing Route,LOW
22459,DailyMed,N/A,,,,Empty/Very Short Text; Missing Frequency; Missing Route,LOW
23114,DailyMed,N/A,,,,Empty/Very Short Text; Missing Frequency; Missing Route,LOW
23212,DailyMed,N/A,,,,Empty/Very Short Text; Missing Frequency; Missing Route,LOW
24604,DailyMed,N/A,,,,Empty/Very Short Text; Missing Frequency; Missing Route,LOW
24614,DailyMed,N/A,,,,Empty/Very Short Text; Missing Frequency; Missing Route,LOW
24815,DailyMed,N/A,,,,Empty/Very Short Text; Missing Frequency; Missing Route,LOW
25408,DailyMed,N/A,,,,Empty/Very Short Text; Missing Frequency; Missing Route,LOW
25409,DailyMed,N/A,,,,Empty/Very Short Text; Missing Frequency; Missing Route,LOW
25752,DailyMed,N/A,,,,Empty/Very Short Text; Missing Frequency; Missing Route,LOW
25753,DailyMed,N/A,,,,Empty/Very Short Text; Missing Frequency; Missing Route,LOW
26899,DailyMed,N/A,,,,Empty/Very Short Text; Missing Frequency; Missing Route,LOW
27071,DailyMed,N/A,,,,Empty/Very Short Text; Missing Frequency; Missing Route,LOW
27072,DailyMed,N/A,,,,Empty/Very Short Text; Missing Frequency; Missing Route,LOW
27073,DailyMed,N/A,,,,Empty/Very Short Text; Missing Frequency; Missing Route,LOW
27253,DailyMed,N/A,,,,Empty/Very Short Text; Missing Frequency; Missing Route,LOW
27364,DailyMed,N/A,,,,Empty/Very Short Text; Missing Frequency; Missing Route,LOW
27383,DailyMed,N/A,,,,Empty/Very Short Text; Missing Frequency; Missing Route,LOW
27654,DailyMed,N/A,,,,Empty/Very Short Text; Missing Frequency; Missing Route,LOW
27977,DailyMed,N/A,,,,Empty/Very Short Text; Missing Frequency; Missing Route,LOW
28638,DailyMed,N/A,,,,Empty/Very Short Text; Missing Frequency; Missing Route,LOW
28639,DailyMed,N/A,,,,Empty/Very Short Text; Missing Frequency; Missing Route,LOW
28700,DailyMed,N/A,,,,Empty/Very Short Text; Missing Frequency; Missing Route,LOW
28903,DailyMed,N/A,,,,Empty/Very Short Text; Missing Frequency; Missing Route,LOW
29045,DailyMed,N/A,,,,Empty/Very Short Text; Missing Frequency; Missing Route,LOW
29356,DailyMed,N/A,,,,Empty/Very Short Text; Missing Frequency; Missing Route,LOW
29657,DailyMed,N/A,,,,Empty/Very Short Text; Missing Frequency; Missing Route,LOW
29665,DailyMed,N/A,,,,Empty/Very Short Text; Missing Frequency; Missing Route,LOW
29666,DailyMed,N/A,,,,Empty/Very Short Text; Missing Frequency; Missing Route,LOW
30356,DailyMed,N/A,,,,Empty/Very Short Text; Missing Frequency; Missing Route,LOW
31627,DailyMed,N/A,,,,Empty/Very Short Text; Missing Frequency; Missing Route,LOW
31812,DailyMed,N/A,,,,Empty/Very Short Text; Missing Frequency; Missing Route,LOW
32065,DailyMed,N/A,,,,Empty/Very Short Text; Missing Frequency; Missing Route,LOW
32067,DailyMed,N/A,,,,Empty/Very Short Text; Missing Frequency; Missing Route,LOW
32791,DailyMed,N/A,,,,Empty/Very Short Text; Missing Frequency; Missing Route,LOW
33544,DailyMed,N/A,,,,Empty/Very Short Text; Missing Frequency; Missing Route,LOW
33819,DailyMed,N/A,,,,Empty/Very Short Text; Missing Frequency; Missing Route,LOW
33820,DailyMed,N/A,,,,Empty/Very Short Text; Missing Frequency; Missing Route,LOW
33821,DailyMed,N/A,,,,Empty/Very Short Text; Missing Frequency; Missing Route,LOW
23661,DailyMed,N/A,,,,Empty/Very Short Text; Missing Frequency; Missing Route,LOW
24978,DailyMed,N/A,,,,Empty/Very Short Text; Missing Frequency; Missing Route,LOW
702,DailyMed,N/A,,,"Recommended use: thin or fragile, ill-treated hair, malnourished scalp or hair roots, Alopecia, hair loss due to cycle change. Directions: must be applied directly to the scalp and then massage very g",No Dosage Numbers in Text; Missing Frequency; Missing Route,LOW
708,DailyMed,N/A,,,"Recommended use: thin or fragile, ill-treated hair, malnourished scalp or hair roots, Alopecia, hair loss due to cycle change. Directions: must be applied directly to the scalp and then massage very g",No Dosage Numbers in Text; Missing Frequency; Missing Route,LOW
1169,DailyMed,N/A,,,"Recommended use: thin or fragile, ill-treated hair, malnourished scalp or hair roots, Alopecia, hair loss due to cycle change. Directions: must be applied directly to the scalp and then massage very g",No Dosage Numbers in Text; Missing Frequency; Missing Route,LOW
1199,DailyMed,N/A,,,"Recommended use: thin or fragile, ill-treated hair, malnourished scalp or hair roots, Alopecia, hair loss due to cycle change. Directions: must be applied directly to the scalp and then massage very g",No Dosage Numbers in Text; Missing Frequency; Missing Route,LOW
1364,DailyMed,N/A,,,"Recommended use: thin or fragile, ill-treated hair, malnourished scalp or hair roots, Alopecia, hair loss due to cycle change. Directions: must be applied directly to the scalp and then massage very g",No Dosage Numbers in Text; Missing Frequency; Missing Route,LOW
1579,DailyMed,N/A,,,"Recommended use: thin or fragile, ill-treated hair, malnourished scalp or hair roots, Alopecia, hair loss due to cycle change. Directions: must be applied directly to the scalp and then massage very g",No Dosage Numbers in Text; Missing Frequency; Missing Route,LOW
3703,DailyMed,N/A,,,"Recommended use: thin or fragile, ill-treated hair, malnourished scalp or hair roots, Alopecia, hair loss due to cycle change. Directions: must be applied directly to the scalp and then massage very g",No Dosage Numbers in Text; Missing Frequency; Missing Route,LOW
3810,DailyMed,N/A,,,"Recommended use: thin or fragile, ill-treated hair, malnourished scalp or hair roots, Alopecia, hair loss due to cycle change. Directions: must be applied directly to the scalp and then massage very g",No Dosage Numbers in Text; Missing Frequency; Missing Route,LOW
3900,DailyMed,N/A,,,"Recommended use: thin or fragile, ill-treated hair, malnourished scalp or hair roots, Alopecia, hair loss due to cycle change. Directions: must be applied directly to the scalp and then massage very g",No Dosage Numbers in Text; Missing Frequency; Missing Route,LOW
4222,DailyMed,N/A,,,"Recommended use: thin or fragile, ill-treated hair, malnourished scalp or hair roots, Alopecia, hair loss due to cycle change. Directions: must be applied directly to the scalp and then massage very g",No Dosage Numbers in Text; Missing Frequency; Missing Route,LOW
5912,DailyMed,N/A,,,"Recommended use: thin or fragile, ill-treated hair, malnourished scalp or hair roots, Alopecia, hair loss due to cycle change. Directions: must be applied directly to the scalp and then massage very g",No Dosage Numbers in Text; Missing Frequency; Missing Route,LOW
7050,DailyMed,N/A,,,"Recommended use: thin or fragile, ill-treated hair, malnourished scalp or hair roots, Alopecia, hair loss due to cycle change. Directions: must be applied directly to the scalp and then massage very g",No Dosage Numbers in Text; Missing Frequency; Missing Route,LOW
7053,DailyMed,N/A,,,"Recommended use: thin or fragile, ill-treated hair, malnourished scalp or hair roots, Alopecia, hair loss due to cycle change. Directions: must be applied directly to the scalp and then massage very g",No Dosage Numbers in Text; Missing Frequency; Missing Route,LOW
7163,DailyMed,N/A,,,"Recommended use: thin or fragile, ill-treated hair, malnourished scalp or hair roots, Alopecia, hair loss due to cycle change. Directions: must be applied directly to the scalp and then massage very g",No Dosage Numbers in Text; Missing Frequency; Missing Route,LOW
7607,DailyMed,N/A,,,"Recommended use: thin or fragile, ill-treated hair, malnourished scalp or hair roots, Alopecia, hair loss due to cycle change. Directions: must be applied directly to the scalp and then massage very g",No Dosage Numbers in Text; Missing Frequency; Missing Route,LOW
7610,DailyMed,N/A,,,"Recommended use: thin or fragile, ill-treated hair, malnourished scalp or hair roots, Alopecia, hair loss due to cycle change. Directions: must be applied directly to the scalp and then massage very g",No Dosage Numbers in Text; Missing Frequency; Missing Route,LOW
7642,DailyMed,N/A,,,"Recommended use: thin or fragile, ill-treated hair, malnourished scalp or hair roots, Alopecia, hair loss due to cycle change. Directions: must be applied directly to the scalp and then massage very g",No Dosage Numbers in Text; Missing Frequency; Missing Route,LOW
7907,DailyMed,N/A,,,"Recommended use: thin or fragile, ill-treated hair, malnourished scalp or hair roots, Alopecia, hair loss due to cycle change. Directions: must be applied directly to the scalp and then massage very g",No Dosage Numbers in Text; Missing Frequency; Missing Route,LOW
8230,DailyMed,N/A,,,"Recommended use: thin or fragile, ill-treated hair, malnourished scalp or hair roots, Alopecia, hair loss due to cycle change. Directions: must be applied directly to the scalp and then massage very g",No Dosage Numbers in Text; Missing Frequency; Missing Route,LOW
8829,DailyMed,N/A,,,"Recommended use: thin or fragile, ill-treated hair, malnourished scalp or hair roots, Alopecia, hair loss due to cycle change. Directions: must be applied directly to the scalp and then massage very g",No Dosage Numbers in Text; Missing Frequency; Missing Route,LOW
9124,DailyMed,N/A,,,"Recommended use: thin or fragile, ill-treated hair, malnourished scalp or hair roots, Alopecia, hair loss due to cycle change. Directions: must be applied directly to the scalp and then massage very g",No Dosage Numbers in Text; Missing Frequency; Missing Route,LOW
9125,DailyMed,N/A,,,"Recommended use: thin or fragile, ill-treated hair, malnourished scalp or hair roots, Alopecia, hair loss due to cycle change. Directions: must be applied directly to the scalp and then massage very g",No Dosage Numbers in Text; Missing Frequency; Missing Route,LOW
9541,DailyMed,N/A,,,"Recommended use: thin or fragile, ill-treated hair, malnourished scalp or hair roots, Alopecia, hair loss due to cycle change. Directions: must be applied directly to the scalp and then massage very g",No Dosage Numbers in Text; Missing Frequency; Missing Route,LOW
9578,DailyMed,N/A,,,"Recommended use: thin or fragile, ill-treated hair, malnourished scalp or hair roots, Alopecia, hair loss due to cycle change. Directions: must be applied directly to the scalp and then massage very g",No Dosage Numbers in Text; Missing Frequency; Missing Route,LOW
11926,DailyMed,N/A,,,"Recommended use: thin or fragile, ill-treated hair, malnourished scalp or hair roots, Alopecia, hair loss due to cycle change. Directions: must be applied directly to the scalp and then massage very g",No Dosage Numbers in Text; Missing Frequency; Missing Route,LOW
13225,DailyMed,N/A,,,"Recommended use: thin or fragile, ill-treated hair, malnourished scalp or hair roots, Alopecia, hair loss due to cycle change. Directions: must be applied directly to the scalp and then massage very g",No Dosage Numbers in Text; Missing Frequency; Missing Route,LOW
13337,DailyMed,N/A,,,"Recommended use: thin or fragile, ill-treated hair, malnourished scalp or hair roots, Alopecia, hair loss due to cycle change. Directions: must be applied directly to the scalp and then massage very g",No Dosage Numbers in Text; Missing Frequency; Missing Route,LOW
13653,DailyMed,N/A,,,"Recommended use: thin or fragile, ill-treated hair, malnourished scalp or hair roots, Alopecia, hair loss due to cycle change. Directions: must be applied directly to the scalp and then massage very g",No Dosage Numbers in Text; Missing Frequency; Missing Route,LOW
13654,DailyMed,N/A,,,"Recommended use: thin or fragile, ill-treated hair, malnourished scalp or hair roots, Alopecia, hair loss due to cycle change. Directions: must be applied directly to the scalp and then massage very g",No Dosage Numbers in Text; Missing Frequency; Missing Route,LOW
13856,DailyMed,N/A,,,"Recommended use: thin or fragile, ill-treated hair, malnourished scalp or hair roots, Alopecia, hair loss due to cycle change. Directions: must be applied directly to the scalp and then massage very g",No Dosage Numbers in Text; Missing Frequency; Missing Route,LOW
14389,DailyMed,N/A,,,"Recommended use: thin or fragile, ill-treated hair, malnourished scalp or hair roots, Alopecia, hair loss due to cycle change. Directions: must be applied directly to the scalp and then massage very g",No Dosage Numbers in Text; Missing Frequency; Missing Route,LOW
15197,DailyMed,N/A,,,"Recommended use: thin or fragile, ill-treated hair, malnourished scalp or hair roots, Alopecia, hair loss due to cycle change. Directions: must be applied directly to the scalp and then massage very g",No Dosage Numbers in Text; Missing Frequency; Missing Route,LOW
15291,DailyMed,N/A,,,"Recommended use: thin or fragile, ill-treated hair, malnourished scalp or hair roots, Alopecia, hair loss due to cycle change. Directions: must be applied directly to the scalp and then massage very g",No Dosage Numbers in Text; Missing Frequency; Missing Route,LOW
15309,DailyMed,N/A,,,"Recommended use: thin or fragile, ill-treated hair, malnourished scalp or hair roots, Alopecia, hair loss due to cycle change. Directions: must be applied directly to the scalp and then massage very g",No Dosage Numbers in Text; Missing Frequency; Missing Route,LOW
15310,DailyMed,N/A,,,"Recommended use: thin or fragile, ill-treated hair, malnourished scalp or hair roots, Alopecia, hair loss due to cycle change. Directions: must be applied directly to the scalp and then massage very g",No Dosage Numbers in Text; Missing Frequency; Missing Route,LOW
15311,DailyMed,N/A,,,"Recommended use: thin or fragile, ill-treated hair, malnourished scalp or hair roots, Alopecia, hair loss due to cycle change. Directions: must be applied directly to the scalp and then massage very g",No Dosage Numbers in Text; Missing Frequency; Missing Route,LOW
15313,DailyMed,N/A,,,"Recommended use: thin or fragile, ill-treated hair, malnourished scalp or hair roots, Alopecia, hair loss due to cycle change. Directions: must be applied directly to the scalp and then massage very g",No Dosage Numbers in Text; Missing Frequency; Missing Route,LOW
16017,DailyMed,N/A,,,"Recommended use: thin or fragile, ill-treated hair, malnourished scalp or hair roots, Alopecia, hair loss due to cycle change. Directions: must be applied directly to the scalp and then massage very g",No Dosage Numbers in Text; Missing Frequency; Missing Route,LOW
16642,DailyMed,N/A,,,"Recommended use: thin or fragile, ill-treated hair, malnourished scalp or hair roots, Alopecia, hair loss due to cycle change. Directions: must be applied directly to the scalp and then massage very g",No Dosage Numbers in Text; Missing Frequency; Missing Route,LOW
16976,DailyMed,N/A,,,"Recommended use: thin or fragile, ill-treated hair, malnourished scalp or hair roots, Alopecia, hair loss due to cycle change. Directions: must be applied directly to the scalp and then massage very g",No Dosage Numbers in Text; Missing Frequency; Missing Route,LOW
19415,DailyMed,N/A,,,"Recommended use: thin or fragile, ill-treated hair, malnourished scalp or hair roots, Alopecia, hair loss due to cycle change. Directions: must be applied directly to the scalp and then massage very g",No Dosage Numbers in Text; Missing Frequency; Missing Route,LOW
20042,DailyMed,N/A,,,"Recommended use: thin or fragile, ill-treated hair, malnourished scalp or hair roots, Alopecia, hair loss due to cycle change. Directions: must be applied directly to the scalp and then massage very g",No Dosage Numbers in Text; Missing Frequency; Missing Route,LOW
21411,DailyMed,N/A,,,"Recommended use: thin or fragile, ill-treated hair, malnourished scalp or hair roots, Alopecia, hair loss due to cycle change. Directions: must be applied directly to the scalp and then massage very g",No Dosage Numbers in Text; Missing Frequency; Missing Route,LOW
21995,DailyMed,N/A,,,"Recommended use: thin or fragile, ill-treated hair, malnourished scalp or hair roots, Alopecia, hair loss due to cycle change. Directions: must be applied directly to the scalp and then massage very g",No Dosage Numbers in Text; Missing Frequency; Missing Route,LOW
22070,DailyMed,N/A,,,"Recommended use: thin or fragile, ill-treated hair, malnourished scalp or hair roots, Alopecia, hair loss due to cycle change. Directions: must be applied directly to the scalp and then massage very g",No Dosage Numbers in Text; Missing Frequency; Missing Route,LOW
22132,DailyMed,N/A,,,"Recommended use: thin or fragile, ill-treated hair, malnourished scalp or hair roots, Alopecia, hair loss due to cycle change. Directions: must be applied directly to the scalp and then massage very g",No Dosage Numbers in Text; Missing Frequency; Missing Route,LOW
23606,DailyMed,N/A,,,"Recommended use: thin or fragile, ill-treated hair, malnourished scalp or hair roots, Alopecia, hair loss due to cycle change. Directions: must be applied directly to the scalp and then massage very g",No Dosage Numbers in Text; Missing Frequency; Missing Route,LOW
23676,DailyMed,N/A,,,"Recommended use: thin or fragile, ill-treated hair, malnourished scalp or hair roots, Alopecia, hair loss due to cycle change. Directions: must be applied directly to the scalp and then massage very g",No Dosage Numbers in Text; Missing Frequency; Missing Route,LOW
24103,DailyMed,N/A,,,"Recommended use: thin or fragile, ill-treated hair, malnourished scalp or hair roots, Alopecia, hair loss due to cycle change. Directions: must be applied directly to the scalp and then massage very g",No Dosage Numbers in Text; Missing Frequency; Missing Route,LOW
24648,DailyMed,N/A,,,"Recommended use: thin or fragile, ill-treated hair, malnourished scalp or hair roots, Alopecia, hair loss due to cycle change. Directions: must be applied directly to the scalp and then massage very g",No Dosage Numbers in Text; Missing Frequency; Missing Route,LOW
24944,DailyMed,N/A,,,"Recommended use: thin or fragile, ill-treated hair, malnourished scalp or hair roots, Alopecia, hair loss due to cycle change. Directions: must be applied directly to the scalp and then massage very g",No Dosage Numbers in Text; Missing Frequency; Missing Route,LOW
25284,DailyMed,N/A,,,"Recommended use: thin or fragile, ill-treated hair, malnourished scalp or hair roots, Alopecia, hair loss due to cycle change. Directions: must be applied directly to the scalp and then massage very g",No Dosage Numbers in Text; Missing Frequency; Missing Route,LOW
26734,DailyMed,N/A,,,"Recommended use: thin or fragile, ill-treated hair, malnourished scalp or hair roots, Alopecia, hair loss due to cycle change. Directions: must be applied directly to the scalp and then massage very g",No Dosage Numbers in Text; Missing Frequency; Missing Route,LOW
26850,DailyMed,N/A,,,"Recommended use: thin or fragile, ill-treated hair, malnourished scalp or hair roots, Alopecia, hair loss due to cycle change. Directions: must be applied directly to the scalp and then massage very g",No Dosage Numbers in Text; Missing Frequency; Missing Route,LOW
26852,DailyMed,N/A,,,"Recommended use: thin or fragile, ill-treated hair, malnourished scalp or hair roots, Alopecia, hair loss due to cycle change. Directions: must be applied directly to the scalp and then massage very g",No Dosage Numbers in Text; Missing Frequency; Missing Route,LOW
27948,DailyMed,N/A,,,"Recommended use: thin or fragile, ill-treated hair, malnourished scalp or hair roots, Alopecia, hair loss due to cycle change. Directions: must be applied directly to the scalp and then massage very g",No Dosage Numbers in Text; Missing Frequency; Missing Route,LOW
28121,DailyMed,N/A,,,"Recommended use: thin or fragile, ill-treated hair, malnourished scalp or hair roots, Alopecia, hair loss due to cycle change. Directions: must be applied directly to the scalp and then massage very g",No Dosage Numbers in Text; Missing Frequency; Missing Route,LOW
28498,DailyMed,N/A,,,"Recommended use: thin or fragile, ill-treated hair, malnourished scalp or hair roots, Alopecia, hair loss due to cycle change. Directions: must be applied directly to the scalp and then massage very g",No Dosage Numbers in Text; Missing Frequency; Missing Route,LOW
28535,DailyMed,N/A,,,"Recommended use: thin or fragile, ill-treated hair, malnourished scalp or hair roots, Alopecia, hair loss due to cycle change. Directions: must be applied directly to the scalp and then massage very g",No Dosage Numbers in Text; Missing Frequency; Missing Route,LOW
29716,DailyMed,N/A,,,"Recommended use: thin or fragile, ill-treated hair, malnourished scalp or hair roots, Alopecia, hair loss due to cycle change. Directions: must be applied directly to the scalp and then massage very g",No Dosage Numbers in Text; Missing Frequency; Missing Route,LOW
30105,DailyMed,N/A,,,"Recommended use: thin or fragile, ill-treated hair, malnourished scalp or hair roots, Alopecia, hair loss due to cycle change. Directions: must be applied directly to the scalp and then massage very g",No Dosage Numbers in Text; Missing Frequency; Missing Route,LOW
30316,DailyMed,N/A,,,"Recommended use: thin or fragile, ill-treated hair, malnourished scalp or hair roots, Alopecia, hair loss due to cycle change. Directions: must be applied directly to the scalp and then massage very g",No Dosage Numbers in Text; Missing Frequency; Missing Route,LOW
30331,DailyMed,N/A,,,"Recommended use: thin or fragile, ill-treated hair, malnourished scalp or hair roots, Alopecia, hair loss due to cycle change. Directions: must be applied directly to the scalp and then massage very g",No Dosage Numbers in Text; Missing Frequency; Missing Route,LOW
30343,DailyMed,N/A,,,"Recommended use: thin or fragile, ill-treated hair, malnourished scalp or hair roots, Alopecia, hair loss due to cycle change. Directions: must be applied directly to the scalp and then massage very g",No Dosage Numbers in Text; Missing Frequency; Missing Route,LOW
30344,DailyMed,N/A,,,"Recommended use: thin or fragile, ill-treated hair, malnourished scalp or hair roots, Alopecia, hair loss due to cycle change. Directions: must be applied directly to the scalp and then massage very g",No Dosage Numbers in Text; Missing Frequency; Missing Route,LOW
30999,DailyMed,N/A,,,"Recommended use: thin or fragile, ill-treated hair, malnourished scalp or hair roots, Alopecia, hair loss due to cycle change. Directions: must be applied directly to the scalp and then massage very g",No Dosage Numbers in Text; Missing Frequency; Missing Route,LOW
31064,DailyMed,N/A,,,"Recommended use: thin or fragile, ill-treated hair, malnourished scalp or hair roots, Alopecia, hair loss due to cycle change. Directions: must be applied directly to the scalp and then massage very g",No Dosage Numbers in Text; Missing Frequency; Missing Route,LOW
31641,DailyMed,N/A,,,"Recommended use: thin or fragile, ill-treated hair, malnourished scalp or hair roots, Alopecia, hair loss due to cycle change. Directions: must be applied directly to the scalp and then massage very g",No Dosage Numbers in Text; Missing Frequency; Missing Route,LOW
31758,DailyMed,N/A,,,"Recommended use: thin or fragile, ill-treated hair, malnourished scalp or hair roots, Alopecia, hair loss due to cycle change. Directions: must be applied directly to the scalp and then massage very g",No Dosage Numbers in Text; Missing Frequency; Missing Route,LOW
32374,DailyMed,N/A,,,"Recommended use: thin or fragile, ill-treated hair, malnourished scalp or hair roots, Alopecia, hair loss due to cycle change. Directions: must be applied directly to the scalp and then massage very g",No Dosage Numbers in Text; Missing Frequency; Missing Route,LOW
32554,DailyMed,N/A,,,"Recommended use: thin or fragile, ill-treated hair, malnourished scalp or hair roots, Alopecia, hair loss due to cycle change. Directions: must be applied directly to the scalp and then massage very g",No Dosage Numbers in Text; Missing Frequency; Missing Route,LOW
32997,DailyMed,N/A,,,"Recommended use: thin or fragile, ill-treated hair, malnourished scalp or hair roots, Alopecia, hair loss due to cycle change. Directions: must be applied directly to the scalp and then massage very g",No Dosage Numbers in Text; Missing Frequency; Missing Route,LOW
33564,DailyMed,N/A,,,"Recommended use: thin or fragile, ill-treated hair, malnourished scalp or hair roots, Alopecia, hair loss due to cycle change. Directions: must be applied directly to the scalp and then massage very g",No Dosage Numbers in Text; Missing Frequency; Missing Route,LOW
33621,DailyMed,N/A,,,"Recommended use: thin or fragile, ill-treated hair, malnourished scalp or hair roots, Alopecia, hair loss due to cycle change. Directions: must be applied directly to the scalp and then massage very g",No Dosage Numbers in Text; Missing Frequency; Missing Route,LOW
33809,DailyMed,N/A,,,"Recommended use: thin or fragile, ill-treated hair, malnourished scalp or hair roots, Alopecia, hair loss due to cycle change. Directions: must be applied directly to the scalp and then massage very g",No Dosage Numbers in Text; Missing Frequency; Missing Route,LOW
33843,DailyMed,N/A,,,"Recommended use: thin or fragile, ill-treated hair, malnourished scalp or hair roots, Alopecia, hair loss due to cycle change. Directions: must be applied directly to the scalp and then massage very g",No Dosage Numbers in Text; Missing Frequency; Missing Route,LOW
33844,DailyMed,N/A,,,"Recommended use: thin or fragile, ill-treated hair, malnourished scalp or hair roots, Alopecia, hair loss due to cycle change. Directions: must be applied directly to the scalp and then massage very g",No Dosage Numbers in Text; Missing Frequency; Missing Route,LOW
33894,DailyMed,N/A,,,"Recommended use: thin or fragile, ill-treated hair, malnourished scalp or hair roots, Alopecia, hair loss due to cycle change. Directions: must be applied directly to the scalp and then massage very g",No Dosage Numbers in Text; Missing Frequency; Missing Route,LOW
2089,DailyMed,N/A,Nasal,,Spray an hands before rubbing them.,No Dosage Numbers in Text; Missing Frequency,LOW
2304,DailyMed,N/A,Nasal,,Spray an hands before rubbing them.,No Dosage Numbers in Text; Missing Frequency,LOW
3735,DailyMed,N/A,Nasal,,Spray an hands before rubbing them.,No Dosage Numbers in Text; Missing Frequency,LOW
9842,DailyMed,N/A,Nasal,,Spray an hands before rubbing them.,No Dosage Numbers in Text; Missing Frequency,LOW
11659,DailyMed,N/A,Nasal,,Spray an hands before rubbing them.,No Dosage Numbers in Text; Missing Frequency,LOW
12068,DailyMed,N/A,Nasal,,Spray an hands before rubbing them.,No Dosage Numbers in Text; Missing Frequency,LOW
12852,DailyMed,N/A,Nasal,,Spray an hands before rubbing them.,No Dosage Numbers in Text; Missing Frequency,LOW
13219,DailyMed,N/A,Nasal,,Spray an hands before rubbing them.,No Dosage Numbers in Text; Missing Frequency,LOW
13236,DailyMed,N/A,Nasal,,Spray an hands before rubbing them.,No Dosage Numbers in Text; Missing Frequency,LOW
14896,DailyMed,N/A,Nasal,,Spray an hands before rubbing them.,No Dosage Numbers in Text; Missing Frequency,LOW
15101,DailyMed,N/A,Nasal,,Spray an hands before rubbing them.,No Dosage Numbers in Text; Missing Frequency,LOW
15866,DailyMed,N/A,Nasal,,Spray an hands before rubbing them.,No Dosage Numbers in Text; Missing Frequency,LOW
15867,DailyMed,N/A,Nasal,,Spray an hands before rubbing them.,No Dosage Numbers in Text; Missing Frequency,LOW
15924,DailyMed,N/A,Nasal,,Spray an hands before rubbing them.,No Dosage Numbers in Text; Missing Frequency,LOW
15929,DailyMed,N/A,Nasal,,Spray an hands before rubbing them.,No Dosage Numbers in Text; Missing Frequency,LOW
16533,DailyMed,N/A,Nasal,,Spray an hands before rubbing them.,No Dosage Numbers in Text; Missing Frequency,LOW
16887,DailyMed,N/A,Nasal,,Spray an hands before rubbing them.,No Dosage Numbers in Text; Missing Frequency,LOW
16888,DailyMed,N/A,Nasal,,Spray an hands before rubbing them.,No Dosage Numbers in Text; Missing Frequency,LOW
16970,DailyMed,N/A,Nasal,,Spray an hands before rubbing them.,No Dosage Numbers in Text; Missing Frequency,LOW
16980,DailyMed,N/A,Nasal,,Spray an hands before rubbing them.,No Dosage Numbers in Text; Missing Frequency,LOW
16981,DailyMed,N/A,Nasal,,Spray an hands before rubbing them.,No Dosage Numbers in Text; Missing Frequency,LOW
17219,DailyMed,N/A,Nasal,,Spray an hands before rubbing them.,No Dosage Numbers in Text; Missing Frequency,LOW
17410,DailyMed,N/A,Nasal,,Spray an hands before rubbing them.,No Dosage Numbers in Text; Missing Frequency,LOW
17837,DailyMed,N/A,Nasal,,Spray an hands before rubbing them.,No Dosage Numbers in Text; Missing Frequency,LOW
17838,DailyMed,N/A,Nasal,,Spray an hands before rubbing them.,No Dosage Numbers in Text; Missing Frequency,LOW
18774,DailyMed,N/A,Nasal,,Spray an hands before rubbing them.,No Dosage Numbers in Text; Missing Frequency,LOW
18925,DailyMed,N/A,Nasal,,Spray an hands before rubbing them.,No Dosage Numbers in Text; Missing Frequency,LOW
20570,DailyMed,N/A,Nasal,,Spray an hands before rubbing them.,No Dosage Numbers in Text; Missing Frequency,LOW
21341,DailyMed,N/A,Nasal,,Spray an hands before rubbing them.,No Dosage Numbers in Text; Missing Frequency,LOW
21644,DailyMed,N/A,Nasal,,Spray an hands before rubbing them.,No Dosage Numbers in Text; Missing Frequency,LOW
21697,DailyMed,N/A,Nasal,,Spray an hands before rubbing them.,No Dosage Numbers in Text; Missing Frequency,LOW
21790,DailyMed,N/A,Nasal,,Spray an hands before rubbing them.,No Dosage Numbers in Text; Missing Frequency,LOW
22937,DailyMed,N/A,Nasal,,Spray an hands before rubbing them.,No Dosage Numbers in Text; Missing Frequency,LOW
23289,DailyMed,N/A,Nasal,,Spray an hands before rubbing them.,No Dosage Numbers in Text; Missing Frequency,LOW
23516,DailyMed,N/A,Nasal,,Spray an hands before rubbing them.,No Dosage Numbers in Text; Missing Frequency,LOW
23517,DailyMed,N/A,Nasal,,Spray an hands before rubbing them.,No Dosage Numbers in Text; Missing Frequency,LOW
23614,DailyMed,N/A,Nasal,,Spray an hands before rubbing them.,No Dosage Numbers in Text; Missing Frequency,LOW
23828,DailyMed,N/A,Nasal,,Spray an hands before rubbing them.,No Dosage Numbers in Text; Missing Frequency,LOW
25016,DailyMed,N/A,Nasal,,Spray an hands before rubbing them.,No Dosage Numbers in Text; Missing Frequency,LOW
25333,DailyMed,N/A,Nasal,,Spray an hands before rubbing them.,No Dosage Numbers in Text; Missing Frequency,LOW
25334,DailyMed,N/A,Nasal,,Spray an hands before rubbing them.,No Dosage Numbers in Text; Missing Frequency,LOW
25335,DailyMed,N/A,Nasal,,Spray an hands before rubbing them.,No Dosage Numbers in Text; Missing Frequency,LOW
25501,DailyMed,N/A,Nasal,,Spray an hands before rubbing them.,No Dosage Numbers in Text; Missing Frequency,LOW
26051,DailyMed,N/A,Nasal,,Spray an hands before rubbing them.,No Dosage Numbers in Text; Missing Frequency,LOW
26087,DailyMed,N/A,Nasal,,Spray an hands before rubbing them.,No Dosage Numbers in Text; Missing Frequency,LOW
26264,DailyMed,N/A,Nasal,,Spray an hands before rubbing them.,No Dosage Numbers in Text; Missing Frequency,LOW
26342,DailyMed,N/A,Nasal,,Spray an hands before rubbing them.,No Dosage Numbers in Text; Missing Frequency,LOW
26349,DailyMed,N/A,Nasal,,Spray an hands before rubbing them.,No Dosage Numbers in Text; Missing Frequency,LOW
27417,DailyMed,N/A,Nasal,,Spray an hands before rubbing them.,No Dosage Numbers in Text; Missing Frequency,LOW
27535,DailyMed,N/A,Nasal,,Spray an hands before rubbing them.,No Dosage Numbers in Text; Missing Frequency,LOW
28157,DailyMed,N/A,Nasal,,Spray an hands before rubbing them.,No Dosage Numbers in Text; Missing Frequency,LOW
28918,DailyMed,N/A,Nasal,,Spray an hands before rubbing them.,No Dosage Numbers in Text; Missing Frequency,LOW
28923,DailyMed,N/A,Nasal,,Spray an hands before rubbing them.,No Dosage Numbers in Text; Missing Frequency,LOW
28957,DailyMed,N/A,Nasal,,Spray an hands before rubbing them.,No Dosage Numbers in Text; Missing Frequency,LOW
28958,DailyMed,N/A,Nasal,,Spray an hands before rubbing them.,No Dosage Numbers in Text; Missing Frequency,LOW
28997,DailyMed,N/A,Nasal,,Spray an hands before rubbing them.,No Dosage Numbers in Text; Missing Frequency,LOW
29225,DailyMed,N/A,Nasal,,Spray an hands before rubbing them.,No Dosage Numbers in Text; Missing Frequency,LOW
30648,DailyMed,N/A,Nasal,,Spray an hands before rubbing them.,No Dosage Numbers in Text; Missing Frequency,LOW
30752,DailyMed,N/A,Nasal,,Spray an hands before rubbing them.,No Dosage Numbers in Text; Missing Frequency,LOW
30753,DailyMed,N/A,Nasal,,Spray an hands before rubbing them.,No Dosage Numbers in Text; Missing Frequency,LOW
30764,DailyMed,N/A,Nasal,,Spray an hands before rubbing them.,No Dosage Numbers in Text; Missing Frequency,LOW
31390,DailyMed,N/A,Nasal,,Spray an hands before rubbing them.,No Dosage Numbers in Text; Missing Frequency,LOW
14523,DailyMed,N/A,,,,Empty/Very Short Text; Missing Frequency; Missing Route,LOW
21855,DailyMed,N/A,,,,Empty/Very Short Text; Missing Frequency; Missing Route,LOW
9363,DailyMed,N/A,topical,,"Apply thin bead of gel to toothbrush and brush for at least one minute, making sure all tooth surfaces are covered.",No Dosage Numbers in Text; Missing Frequency,LOW
22683,DailyMed,N/A,topical,,"Apply thin bead of gel to toothbrush and brush for at least one minute, making sure all tooth surfaces are covered.",No Dosage Numbers in Text; Missing Frequency,LOW
24211,DailyMed,N/A,topical,,"Apply thin bead of gel to toothbrush and brush for at least one minute, making sure all tooth surfaces are covered.",No Dosage Numbers in Text; Missing Frequency,LOW
24248,DailyMed,N/A,topical,,"Apply thin bead of gel to toothbrush and brush for at least one minute, making sure all tooth surfaces are covered.",No Dosage Numbers in Text; Missing Frequency,LOW
1441,DailyMed,N/A,,,"DIRECTIONS: USE AS DIRECTED. STOP USE IF REDNESS, IRRITATION, ITCHING AND/OR DARKENING OCCURS.",No Dosage Numbers in Text; Missing Frequency; Missing Route,LOW
1447,DailyMed,N/A,,,"DIRECTIONS: USE AS DIRECTED. STOP USE IF REDNESS, IRRITATION, ITCHING AND/OR DARKENING OCCURS.",No Dosage Numbers in Text; Missing Frequency; Missing Route,LOW
1450,DailyMed,N/A,,,"DIRECTIONS: USE AS DIRECTED. STOP USE IF REDNESS, IRRITATION, ITCHING AND/OR DARKENING OCCURS.",No Dosage Numbers in Text; Missing Frequency; Missing Route,LOW
1458,DailyMed,N/A,,,"DIRECTIONS: USE AS DIRECTED. STOP USE IF REDNESS, IRRITATION, ITCHING AND/OR DARKENING OCCURS.",No Dosage Numbers in Text; Missing Frequency; Missing Route,LOW
1462,DailyMed,N/A,,,"DIRECTIONS: USE AS DIRECTED. STOP USE IF REDNESS, IRRITATION, ITCHING AND/OR DARKENING OCCURS.",No Dosage Numbers in Text; Missing Frequency; Missing Route,LOW
1474,DailyMed,N/A,,,"DIRECTIONS: USE AS DIRECTED. STOP USE IF REDNESS, IRRITATION, ITCHING AND/OR DARKENING OCCURS.",No Dosage Numbers in Text; Missing Frequency; Missing Route,LOW
1475,DailyMed,N/A,,,"DIRECTIONS: USE AS DIRECTED. STOP USE IF REDNESS, IRRITATION, ITCHING AND/OR DARKENING OCCURS.",No Dosage Numbers in Text; Missing Frequency; Missing Route,LOW
1477,DailyMed,N/A,,,"DIRECTIONS: USE AS DIRECTED. STOP USE IF REDNESS, IRRITATION, ITCHING AND/OR DARKENING OCCURS.",No Dosage Numbers in Text; Missing Frequency; Missing Route,LOW
1478,DailyMed,N/A,,,"DIRECTIONS: USE AS DIRECTED. STOP USE IF REDNESS, IRRITATION, ITCHING AND/OR DARKENING OCCURS.",No Dosage Numbers in Text; Missing Frequency; Missing Route,LOW
1886,DailyMed,N/A,,,"DIRECTIONS: USE AS DIRECTED. STOP USE IF REDNESS, IRRITATION, ITCHING AND/OR DARKENING OCCURS.",No Dosage Numbers in Text; Missing Frequency; Missing Route,LOW
3072,DailyMed,N/A,,,"DIRECTIONS: USE AS DIRECTED. STOP USE IF REDNESS, IRRITATION, ITCHING AND/OR DARKENING OCCURS.",No Dosage Numbers in Text; Missing Frequency; Missing Route,LOW
5172,DailyMed,N/A,,,"DIRECTIONS: USE AS DIRECTED. STOP USE IF REDNESS, IRRITATION, ITCHING AND/OR DARKENING OCCURS.",No Dosage Numbers in Text; Missing Frequency; Missing Route,LOW
5174,DailyMed,N/A,,,"DIRECTIONS: USE AS DIRECTED. STOP USE IF REDNESS, IRRITATION, ITCHING AND/OR DARKENING OCCURS.",No Dosage Numbers in Text; Missing Frequency; Missing Route,LOW
15107,DailyMed,N/A,,,"DIRECTIONS: USE AS DIRECTED. STOP USE IF REDNESS, IRRITATION, ITCHING AND/OR DARKENING OCCURS.",No Dosage Numbers in Text; Missing Frequency; Missing Route,LOW
15108,DailyMed,N/A,,,"DIRECTIONS: USE AS DIRECTED. STOP USE IF REDNESS, IRRITATION, ITCHING AND/OR DARKENING OCCURS.",No Dosage Numbers in Text; Missing Frequency; Missing Route,LOW
15109,DailyMed,N/A,,,"DIRECTIONS: USE AS DIRECTED. STOP USE IF REDNESS, IRRITATION, ITCHING AND/OR DARKENING OCCURS.",No Dosage Numbers in Text; Missing Frequency; Missing Route,LOW
15133,DailyMed,N/A,,,"DIRECTIONS: USE AS DIRECTED. STOP USE IF REDNESS, IRRITATION, ITCHING AND/OR DARKENING OCCURS.",No Dosage Numbers in Text; Missing Frequency; Missing Route,LOW
15150,DailyMed,N/A,,,"DIRECTIONS: USE AS DIRECTED. STOP USE IF REDNESS, IRRITATION, ITCHING AND/OR DARKENING OCCURS.",No Dosage Numbers in Text; Missing Frequency; Missing Route,LOW
15151,DailyMed,N/A,,,"DIRECTIONS: USE AS DIRECTED. STOP USE IF REDNESS, IRRITATION, ITCHING AND/OR DARKENING OCCURS.",No Dosage Numbers in Text; Missing Frequency; Missing Route,LOW
15652,DailyMed,N/A,,,"DIRECTIONS: USE AS DIRECTED. STOP USE IF REDNESS, IRRITATION, ITCHING AND/OR DARKENING OCCURS.",No Dosage Numbers in Text; Missing Frequency; Missing Route,LOW
16538,DailyMed,N/A,,,"DIRECTIONS: USE AS DIRECTED. STOP USE IF REDNESS, IRRITATION, ITCHING AND/OR DARKENING OCCURS.",No Dosage Numbers in Text; Missing Frequency; Missing Route,LOW
16914,DailyMed,N/A,,,"DIRECTIONS: USE AS DIRECTED. STOP USE IF REDNESS, IRRITATION, ITCHING AND/OR DARKENING OCCURS.",No Dosage Numbers in Text; Missing Frequency; Missing Route,LOW
16915,DailyMed,N/A,,,"DIRECTIONS: USE AS DIRECTED. STOP USE IF REDNESS, IRRITATION, ITCHING AND/OR DARKENING OCCURS.",No Dosage Numbers in Text; Missing Frequency; Missing Route,LOW
17059,DailyMed,N/A,,,"DIRECTIONS: USE AS DIRECTED. STOP USE IF REDNESS, IRRITATION, ITCHING AND/OR DARKENING OCCURS.",No Dosage Numbers in Text; Missing Frequency; Missing Route,LOW
17060,DailyMed,N/A,,,"DIRECTIONS: USE AS DIRECTED. STOP USE IF REDNESS, IRRITATION, ITCHING AND/OR DARKENING OCCURS.",No Dosage Numbers in Text; Missing Frequency; Missing Route,LOW
17061,DailyMed,N/A,,,"DIRECTIONS: USE AS DIRECTED. STOP USE IF REDNESS, IRRITATION, ITCHING AND/OR DARKENING OCCURS.",No Dosage Numbers in Text; Missing Frequency; Missing Route,LOW
17542,DailyMed,N/A,,,"DIRECTIONS: USE AS DIRECTED. STOP USE IF REDNESS, IRRITATION, ITCHING AND/OR DARKENING OCCURS.",No Dosage Numbers in Text; Missing Frequency; Missing Route,LOW
17858,DailyMed,N/A,,,"DIRECTIONS: USE AS DIRECTED. STOP USE IF REDNESS, IRRITATION, ITCHING AND/OR DARKENING OCCURS.",No Dosage Numbers in Text; Missing Frequency; Missing Route,LOW
18030,DailyMed,N/A,,,"DIRECTIONS: USE AS DIRECTED. STOP USE IF REDNESS, IRRITATION, ITCHING AND/OR DARKENING OCCURS.",No Dosage Numbers in Text; Missing Frequency; Missing Route,LOW
19370,DailyMed,N/A,,,"DIRECTIONS: USE AS DIRECTED. STOP USE IF REDNESS, IRRITATION, ITCHING AND/OR DARKENING OCCURS.",No Dosage Numbers in Text; Missing Frequency; Missing Route,LOW
19440,DailyMed,N/A,,,"DIRECTIONS: USE AS DIRECTED. STOP USE IF REDNESS, IRRITATION, ITCHING AND/OR DARKENING OCCURS.",No Dosage Numbers in Text; Missing Frequency; Missing Route,LOW
19458,DailyMed,N/A,,,"DIRECTIONS: USE AS DIRECTED. STOP USE IF REDNESS, IRRITATION, ITCHING AND/OR DARKENING OCCURS.",No Dosage Numbers in Text; Missing Frequency; Missing Route,LOW
19506,DailyMed,N/A,,,"DIRECTIONS: USE AS DIRECTED. STOP USE IF REDNESS, IRRITATION, ITCHING AND/OR DARKENING OCCURS.",No Dosage Numbers in Text; Missing Frequency; Missing Route,LOW
19517,DailyMed,N/A,,,"DIRECTIONS: USE AS DIRECTED. STOP USE IF REDNESS, IRRITATION, ITCHING AND/OR DARKENING OCCURS.",No Dosage Numbers in Text; Missing Frequency; Missing Route,LOW
19635,DailyMed,N/A,,,"DIRECTIONS: USE AS DIRECTED. STOP USE IF REDNESS, IRRITATION, ITCHING AND/OR DARKENING OCCURS.",No Dosage Numbers in Text; Missing Frequency; Missing Route,LOW
22858,DailyMed,N/A,,,"DIRECTIONS: USE AS DIRECTED. STOP USE IF REDNESS, IRRITATION, ITCHING AND/OR DARKENING OCCURS.",No Dosage Numbers in Text; Missing Frequency; Missing Route,LOW
24987,DailyMed,N/A,,,"DIRECTIONS: USE AS DIRECTED. STOP USE IF REDNESS, IRRITATION, ITCHING AND/OR DARKENING OCCURS.",No Dosage Numbers in Text; Missing Frequency; Missing Route,LOW
24988,DailyMed,N/A,,,"DIRECTIONS: USE AS DIRECTED. STOP USE IF REDNESS, IRRITATION, ITCHING AND/OR DARKENING OCCURS.",No Dosage Numbers in Text; Missing Frequency; Missing Route,LOW
25462,DailyMed,N/A,,,"DIRECTIONS: USE AS DIRECTED. STOP USE IF REDNESS, IRRITATION, ITCHING AND/OR DARKENING OCCURS.",No Dosage Numbers in Text; Missing Frequency; Missing Route,LOW
25463,DailyMed,N/A,,,"DIRECTIONS: USE AS DIRECTED. STOP USE IF REDNESS, IRRITATION, ITCHING AND/OR DARKENING OCCURS.",No Dosage Numbers in Text; Missing Frequency; Missing Route,LOW
26465,DailyMed,N/A,,,"DIRECTIONS: USE AS DIRECTED. STOP USE IF REDNESS, IRRITATION, ITCHING AND/OR DARKENING OCCURS.",No Dosage Numbers in Text; Missing Frequency; Missing Route,LOW
27903,DailyMed,N/A,,,"DIRECTIONS: USE AS DIRECTED. STOP USE IF REDNESS, IRRITATION, ITCHING AND/OR DARKENING OCCURS.",No Dosage Numbers in Text; Missing Frequency; Missing Route,LOW
29205,DailyMed,N/A,,,"DIRECTIONS: USE AS DIRECTED. STOP USE IF REDNESS, IRRITATION, ITCHING AND/OR DARKENING OCCURS.",No Dosage Numbers in Text; Missing Frequency; Missing Route,LOW
29703,DailyMed,N/A,,,"DIRECTIONS: USE AS DIRECTED. STOP USE IF REDNESS, IRRITATION, ITCHING AND/OR DARKENING OCCURS.",No Dosage Numbers in Text; Missing Frequency; Missing Route,LOW
29900,DailyMed,N/A,,,"DIRECTIONS: USE AS DIRECTED. STOP USE IF REDNESS, IRRITATION, ITCHING AND/OR DARKENING OCCURS.",No Dosage Numbers in Text; Missing Frequency; Missing Route,LOW
